Organization/Person Name,Organization/Person Name URL,Location,First Name,Last Name,Regions,Gender,Full Description,Number of Articles,Twitter,LinkedIn,Facebook,Estimated Revenue Range,Operating Status,Description,Founded Date,Founded Date Precision,Exit Date,Exit Date Precision,Closed Date,Closed Date Precision,Company Type,Website,Contact Email,Phone Number,Hub Tags,Investor Type,Investment Stage,Number of Portfolio Organizations,Number of Investments,Number of Partner Investments,Number of Lead Investments,Number of Exits,Number of Exits (IPO),Accelerator Program Type,Accelerator Next Application Deadline,Accelerator Duration (in weeks),CB Rank (Investor),Trend Score (7 Days),Trend Score (30 Days),Trend Score (90 Days),SimilarWeb - Monthly Visits,SimilarWeb - Average Visits (6 months),SimilarWeb - Monthly Visits Growth,SimilarWeb - Visit Duration,SimilarWeb - Visit Duration Growth,SimilarWeb - Page Views / Visit,SimilarWeb - Page Views / Visit Growth,SimilarWeb - Bounce Rate,SimilarWeb - Bounce Rate Growth,SimilarWeb - Global Traffic Rank,SimilarWeb - Monthly Rank Change (#),SimilarWeb - Monthly Rank Growth,BuiltWith - Active Tech Count,Apptopia - Number of Apps,Apptopia - Downloads Last 30 Days,Siftery - Total Products Active,IPqwery - Patents Granted,IPqwery - Trademarks Registered,IPqwery - Most Popular Patent Class,IPqwery - Most Popular Trademark Class,Aberdeen - IT Spend,Aberdeen - IT Spend Currency,Aberdeen - IT Spend Currency (in USD)
Pegasus Tech Ventures,https://www.crunchbase.com/organization/pegasus-tech-ventures,"San Jose, California, United States",,,"San Francisco Bay Area, Silicon Valley, West Coast",,"Pegasus Tech Ventures is a Silicon Valley-based venture capital firm working with emerging technology companies across the world, and specialize in helping entrepreneurs achieve global expansion into North America, Asia, and Europe. Our 90+ person team operates out of offices across 7 different countries and offers a wide range of domain expertise. Pegasus Tech Ventures currently has several multi-million dollar funds under management. We seek to work with world-class management and technical teams that are targeting disruptive opportunities in IT, Health IT, Artificial Intelligence, IoT, Robotics, Big Data, Virtual Reality, Augmented Reality, Quantum Computing, FinTech, and Next Generation Technologies.",1,https://twitter.com/pegasustech_v,https://www.linkedin.com/company/pegasus-tech-ventures/,https://www.facebook.com/PegasusTechVentures/,,Active,Pegasus Tech Ventures is a Silicon Valley-based global venture capital firm.,2011-01-01,day,,,,,,https://www.pegasustechventures.com,contact@pegasusventures.com,408-645-5532,,Venture Capital,"Early Stage Venture, Seed",144,181,,16,15,15,,,,"4,240",-0.6,-0.8,-3.4,"7,034","4,430.76",87.15%,127,-53.23%,3.46,-28.15%,24.24%,8.24%,"2,760,376","-947,263",-25.55%,14,,,,,,,,,,
Vanguard Ventures,https://www.crunchbase.com/organization/vanguard-ventures,"San Jose, California, United States",,,"San Francisco Bay Area, Silicon Valley, West Coast",,"""Vanguard Ventures is a leading early stage venture capital firm that helps entrepreneurs build pioneering technology and life science companies. Vanguard partners bring hands-on entrepreneurial experience to the firm, as well as executive and venture capital backgrounds."" [Source](http://www.vanguardventures.com/about/index.html) (vanguardventures.com)",38,,,,,Active,Vanguard Ventures is a leading early stage venture capital firm that helps entrepreneurs build pioneering technology and life science,1981-01-01,year,,,,,,http://www.vanguardventures.com,info@vanguardventures.com,,,Venture Capital,"Early Stage Venture, Late Stage Venture",29,56,,9,18,18,,,,"11,522",1.6,2,0.6,,52.31,,,,,,,,,,,2,1,,,,,,,,,
ePlanet Capital,https://www.crunchbase.com/organization/dfj-eplanet-ventures,"San Jose, California, United States",,,"San Francisco Bay Area, Silicon Valley, West Coast",,"EPlanet Capital is a growth investor that provides venture capital and investment for telecom, media, and technology companies. It is focused on companies that display considerably high growth and development in emerging and developing countries of the world. EPlanet Capital has invested in over 99 companies that span from Baidu in China to Virgin Mobile in Latin America.",11,,,,,Closed,"EPlanet Capital provides venture capital and investment for telecom, media, and technology companies.",1999-01-01,year,,,,none,,http://www.eplanetcapital.com,siliconvalley@eplanetcapital.com,408 236 6500,,Venture Capital,"Early Stage Venture, Late Stage Venture, Private Equity",34,48,,14,16,16,,,,"6,956",-0.3,-0.4,3.1,344,293.37,137.46%,34,50.67%,12.55,318.23%,,,"12,352,544","-11,910,209",-49.09%,16,,,7,,,,,,,
VentureTech Alliance,https://www.crunchbase.com/organization/venturetech-alliance,"San Jose, California, United States",,,"San Francisco Bay Area, Silicon Valley, West Coast",,"TechAlliance empowers London and Southwestern Ontarioâ€:tm:s technology sector. They prepare todayâ€:tm:s entrepreneurs to launch new ventures,",28,,,https://www.facebook.com/techalliance,,Active,"TechAlliance empowers London and Southwestern Ontarioâ€™s technology sector. They prepare todayâ€™s entrepreneurs to launch new ventures,",2001-01-01,year,,,,,,http://www.vtalliance.com,,,,Venture Capital,"Early Stage Venture, Late Stage Venture, Private Equity",24,44,,3,18,18,,,,"27,993",0.8,0,0,296,92.42,"1,016.05%",,,1,-66.67%,100%,100%,"25,179,765","-8,223,878",-24.62%,7,,,,,,,,,,
Pond Ventures,https://www.crunchbase.com/organization/pond-ventures,"San Jose, California, United States",,,"San Francisco Bay Area, Silicon Valley, West Coast",,"Pond Ventures is an investment firm that provides venture capital and investments for tech startups and companies. It also provides its clients with services such as recruiting employees and building a network of customers, suppliers, and partners. Pond Ventures operates three teams in Silicon Valley, London, and Israel.",21,http://twitter.com/PondVentures,,,,Active,Pond Ventures is an investment firm that provides venture capital and investments for tech startups and companies.,,,,,,,,http://www.pondventures.com,info@pondventures.com,,,Venture Capital,"Early Stage Venture, Late Stage Venture, Seed",18,35,,10,12,12,,,,"13,043",0.4,3.1,2.6,172,85.38,501.85%,,,1,0%,100%,0%,"27,978,863","-6,582,668",-19.05%,4,,,,,,,,,,
PayPal Ventures,https://www.crunchbase.com/organization/paypal-ventures,"San Jose, California, United States",,,"San Francisco Bay Area, Silicon Valley, West Coast",,"PayPal Ventures is PayPal's venture capital arm, investing in PayPal's strategic interest fields for return. Leveraging PayPal Venture's expertise and experience, PayPal – and the companies in which it invests – are helping to bring innovative solutions to market more quickly, scale them faster, and build a global financial system that is more transparent, personalized, inclusive and customer-focused. PayPal Venture's investments reinforce its commitment to leading the financial technology industry and supporting entrepreneurship.",,,,,,Active,"PayPal Ventures is a corporate VC, investing in best-in-class financial services, commerce enablement, and data & infrastructure companies",,,,,,,,https://www.paypal.com/us/webapps/mpp/paypal-ventures,,,,Corporate Venture Capital,,22,33,,14,2,2,,,,"4,644",-0.3,4.3,9.4,,,,,,,,,,,,,,,,,,,,,,,
Adobe Ventures,https://www.crunchbase.com/organization/adobe-ventures,"San Jose, California, United States",,,"San Francisco Bay Area, Silicon Valley, West Coast",,"Adobe Ventures is [Adobe's](http://www.crunchbase.com/organization/adobe-systems) investment arm. Adobe Ventures aims to invest approximately $100 million between 2008-2011 in companies leveraging Adobe platform technologies, particularly those delivering applications based on AdobeÂ® Integrated Runtime (AIRâ„¢).",20,,,,,Active,Adobe Ventures is Adobe's investment arm. Adobe Ventures aims to invest approximately $100 million between 2008-2011 in companies,,,,,,,,http://www.adobe.com/ventures.html,newventure@adobe.com,,,Venture Capital,"Early Stage Venture, Late Stage Venture, Seed",22,30,,6,14,14,,,,"15,353",-0.2,0,0.5,,,,,,,,,,,,,19,,,,,,,,,,
InveStar Capital,https://www.crunchbase.com/organization/investar-capital,"San Jose, California, United States",,,"San Francisco Bay Area, Silicon Valley, West Coast",,"Founded in 1996, InveStar Capital, Inc. is a venture capital firm with offices in the United States and Taiwan. We, at InveStar, focus on semiconductors, communications and networking, and Internet infrastructure companies. Managing several funds with a total size of over US$500 million, we have built a portfolio of more than 100 companies, of which roughly 73% are in the United States and 27% in Taiwan. We are seeking to expand our investment target to include companies in mainland China and other parts in the Pacific Rim. By linking our portfolio companies with our investors and other strategic partners throughout Asia, we are proud to play the role of bridging the technologies between the West and the East. Impeccable integrity, dedication to service, and fairness to all are the core corporate values of InveStar. Our investment philosophy is to identify entrepreneurs with vision, innovative technology, and a strong sense of commitment. In addition to providing companies with venture capital, we also assume an active role in offering strategic advice to, and sharing our management expertise, experiences, and business connections with, our portfolio companies.",1,,,,,Active,"Founded in 1996, InveStar Capital, Inc. is a venture capital firm with offices in the United States and Taiwan. We, at InveStar, focus on",1996-01-01,year,,,,,,http://www.investar-cap.com.tw,mtung@investar-cap.com,,,Venture Capital,Early Stage Venture,20,30,,3,12,12,,,,"89,776",-0.2,-0.2,-0.2,,,,,,,,,,,,,,,,,,,,,,,
Gold Hill Capital,https://www.crunchbase.com/organization/gold-hill-capital,"San Jose, California, United States",,,"San Francisco Bay Area, Silicon Valley, West Coast",,"Gold Hill Capital is an independent, private financing firm focused on providing capital to successful companies within the technology and life science industries.  Gold Hill is capitalized by top-tier institutional investors with aggregate investment capital of approximately $1 billion deployed over two funds.  Gold Hill has a highly-focused team dedicated to delivering flexible financing solutions for expansion stage companies. Our team provides an unparalleled level of financial experience working with technology companies â€“ experience that includes investment banking, venture capital, international finance, mezzanine finance and asset-based lending. Gold Hill is headquartered in San Jose, CA with an office in Boston, MA.",18,http://twitter.com/GoldHillCapital,,,,Active,Gold Hill Capital focuses on providing capital to successful companies within the technology and life science industries,,,,,,,,http://www.goldhillcapital.com,,,,"Private Equity Firm, Venture Capital","Debt, Early Stage Venture, Late Stage Venture, Seed",24,28,,1,13,13,,,,"13,914",0.6,0,0,,,,,,,,,,,,,4,,,,,,,,,,
Sparkland Capital,https://www.crunchbase.com/organization/sparkland-cap,"San Jose, California, United States",,,"San Francisco Bay Area, Silicon Valley, West Coast",,"Sparkland Capital is an early-stage venture capital firm that invests in frontier technologies. With Asian-access capital and resources, we back global visionary entrepreneurs who move fast, think big, and are committed to reimagine the world. Connecting Silicon Valley and Asia, we leverage our deep networks to provide market intelligence, strategic advice and local relationships for founders to expand. Entrepreneurship is in our DNA. We trust, believe and work with entrepreneurs to disrupt existing industries, redefine the markets, and create the future. The Sparkland team is comprised of dedicated entrepreneurs, investors, founders, and early employees from prominent technology companies.  Our investment focus are VR/AR, IoT, Cyber Security, AI/Robotics, and Enterprise Software. Since 2014, we have invested in over 30 innovative startups.",3,,https://www.linkedin.com/company/sparkland-capital,,,Active,Sparkland Capital is an early-stage venture capital firm that invests in frontier technologies.,2014-12-01,month,,,,,,http://www.sparklandcap.com/,info@sparklandcap.com,,,"Micro VC, Venture Capital","Early Stage Venture, Seed",24,27,,1,2,2,,,,"14,634",-0.2,-0.3,-0.4,299,358.18,-67.27%,26,578.31%,1.5,22.39%,49.81%,-24.04%,"21,290,328","7,705,816",56.73%,8,,,,,,,,,,
Firsthand Technology Value Fund,https://www.crunchbase.com/organization/firsthand-technology-value-fund,"San Jose, California, United States",,,"San Francisco Bay Area, Silicon Valley, West Coast",,"Firsthand Technology Value Fund, Inc. is a publicly traded investment fund that provides private technology and cleantech companies with development funding and working capital, primarily in the form of equity investments. Cleantech companies include those engaged in the sale of goods and services designed to harness renewable energy and materials, eliminate emissions and waste, and reduce the use of natural resources. We are a Maryland corporation and are registered with the SEC as a business development company under the Investment Company Act of 1940. This provides the company with certain structural advantages, including public liquidity and a beneficial tax structure. Firsthand Capital Management, Inc. provides investment management services to us. Firsthand is led by Kevin Landis, a seasoned technology and cleantech investor with more than 25 years of experience in technology and investment management. Firsthand's team has been responsible for over $300 million of investments in more than 40 private companies over the past 20 years.",20,https://www.twitter.com/firsthandsvvc,,,,Active,Firsthand Technology Value Fund provides private technology and cleantech companies with funds and capital.,2011-04-18,day,2011-04-29,day,,,,https://firsthandtvf.com,vc@firsthandtvf.com,800.331.1710,,Venture Capital,"Early Stage Venture, Late Stage Venture",10,14,,5,5,5,,,,"17,622",-0.3,0.2,-0.1,163,"1,991.47",-75.37%,366,166.99%,10,190.14%,0%,-33.33%,"18,570,270","6,293,257",51.26%,18,,,7,,,,,5647,USD,5647
Firsthand Capital Management,https://www.crunchbase.com/organization/firsthand-capital-management,"San Jose, California, United States",,,"San Francisco Bay Area, Silicon Valley, West Coast",,,9,,,,,Active,"Founded in 1994, Firsthand Capital Management is a California-based investment management firm focused on the technology sector.",1993-01-01,year,,,,,,http://www.firsthandcapital.com,info@firsthandcapital.com,408.886.7096,,Government Office,Late Stage Venture,11,13,,4,6,6,,,,"41,349",-0.1,-0.1,-0.4,197,82.69,,29,,2.4,,,,"23,016,285",,,7,,,,,,,,231933,USD,231933
InCube Ventures,https://www.crunchbase.com/organization/incube-ventures,"San Jose, California, United States",,,"San Francisco Bay Area, Silicon Valley, West Coast",,"DFJ InCube Ventures is a life science venture capital firm focused on investing in extraordinary innovations that solve unmet clinical needs for large patient populations. The fund is built around Mir Imran, one of the leading healthcare innovators. Under Mir's leadership, DFJ InCube Ventures has access to ventures formed by InCube Labs â€“ a multi-disciplinary research lab that has been a highly productive source of medical device companies. Mir and InCube Labs have formed 20 companies over the past 25 years, creating a series of multi-billion dollar markets along the way.  In addition to Mir, proven healthcare entrepreneurs and investors Andrew Farquharson and Wayne Roe serve as managing partners of the fund. DFJ InCube Ventures managing partners work closely with entrepreneurs to commercialize breakthroughs grounded in clinical need and protected by strong intellectual property. Their experienced team also actively helps young companies mitigate technical, clinical and reimbursement risks. Most importantly, the team collaborates with entrepreneurs to determine the most effective path for bringing innovations to life in a way that dramatically improves clinical outcomes. The fund's current portfolio includes companies that are developing novel treatment approaches in clinical areas such as atrial fibrillation, epilepsy, gastro intestinal surgery, iron-deficiency anemia, hemorrhagic stroke and metabolic disorders.",26,,,,,Active,DFJ InCube Ventures is a life science venture capital firm focused on investing in extraordinary innovations that solve unmet clinical,1995-01-01,year,,,,,,http://www.incubevc.com,contact@incubevc.com,,,Venture Capital,"Early Stage Venture, Late Stage Venture",9,12,,,2,2,,,,"15,618",0.3,0.2,-0.1,725,387.87,-20.68%,41,"2,248.78%",3.25,179.71%,25.43%,-58.48%,"11,879,277","-1,540,125",-11.48%,18,,,,,,,,,,
Quantum Technology Partners,https://www.crunchbase.com/organization/quantum-technology-partners,"San Jose, California, United States",,,"San Francisco Bay Area, Silicon Valley, West Coast",,Quantum Technology Partners invests in  early stage technology and life sciences companies. Quantum was founded by Barry Dickman in March of 2000.,5,,,,,Active,Quantum Technology Partners is a California-based venture capital firm that funds early-stage technology and life sciences companies.,2000-03-01,day,,,,,,http://www.quantumtp.com,barry@quantumtp.com,408 241-2311,,Venture Capital,"Early Stage Venture, Late Stage Venture, Seed",7,11,,3,3,3,,,,"31,693",-0.2,0,-0.5,,13.12,,,,,,,,,,,7,,,,,,,,,,
Monet Capital,https://www.crunchbase.com/organization/monet-capital,"San Jose, California, United States",,,"San Francisco Bay Area, Silicon Valley, West Coast",,,1,,,,,Active,Monet Capital is a technology - oriented venture capital firm.,2000-01-01,year,,,,,,http://www.monetcapital.com,monetcapital@monetcapital.com,,,Venture Capital,Early Stage Venture,7,10,,,5,5,,,,"24,443",0.6,1,1.6,,,,,,,,,,,,,10,,,,,,,,,,
Flex Lab IX,https://www.crunchbase.com/organization/flextronics-lab-ix,"San Jose, California, United States",,,"San Francisco Bay Area, Silicon Valley, West Coast",,"At Lab IX, you'll get access to Flextronics' global end-to-end supply chain solutions and industry leading expertise in hardware design, manufacturing and logistics. You'll also benefit from their specialized partners on an unprecedented scale. Lab IX impacts nearly every industry and help the world's best brands take their products to market all over the world with incredible speed.",4,,,,,Active,Flex Lab IX is creating the world’s largest hardware ecosystem,2013-07-01,day,,,,,,http://flextronicslabix.com,Mary.Lee@flex.com,,,"Accelerator, Venture Capital",Early Stage Venture,9,9,,3,,,,,,"9,646",-0.1,0,2.1,,,,,,,,,,,,,2,,,,,,,,,,
Raza Foundries,https://www.crunchbase.com/organization/raza-foundries,"San Jose, California, United States",,,"San Francisco Bay Area, Silicon Valley, West Coast",,"Raza Foundries® is the premier broadband networking and communications Metacompany®. Raza Foundries builds and operates leading-edge broadband networking and communications Partner Companies to advance the Internet infrastructure. More than an incubator or venture capital firm, they are a new type of company, providing a long-term commitment, world-class resources, best-practices management methods, and their Fast Track™ development process to accelerate the growth and success of each of their Partner Companies. They have chosen the name ‘Foundries‘ to communicate and emphasize this differentiation. By focusing exclusively on the Internet infrastructure of broadband networking and communications, the underpinning of all Internet capability, their Partner Companies are built from the start to be long lived, high value, high intellectual property companies in high barrier to entry markets.",6,,,,,Active,Raza Foundries typically invests in Partner Companies at the beginning of their lifecycle.,,,,,,,For Profit,http://www.razafoundries.com,contact@razafoundries.com,(408) 434-5500,,Venture Capital,Venture,7,9,,1,4,4,,,,"30,642",-0.3,-0.7,-0.6,,79.57,,,,,,,,,,,6,,,4,0,1,,Advertising; business,,,
Trend Forward Capital,https://www.crunchbase.com/organization/trend-forward-capital,"San Jose, California, United States",,,"San Francisco Bay Area, Silicon Valley, West Coast",,Trend Forward Capital is the venture capital arm of cybersercurity leader Trend Micro Inc. Our obsession with scaling innovative technology goes beyond mere funding (that's the easy part). We live to help early-growth companies fill the gaps in their businesses in order to generate and celebrate long-term success together (that's the hard part).,,,https://www.linkedin.com/company/18352399/,,,Active,Amplifying the potential of entrepreneurs who unlock a smart connected world.,2017-06-15,day,,,,,,https://www.trendforward.com/index.html,goahead@trendforward.com,,,"Corporate Venture Capital, Venture Capital","Convertible Note, Early Stage Venture, Seed, Venture",6,7,,1,,,,,,"10,013",0,-0.2,0,,249.69,,,,,,,,,,,15,,,,,,,,,,
HEDA Ventures,https://www.crunchbase.com/organization/heda-ventures,"San Jose, California, United States",,,"San Francisco Bay Area, Silicon Valley, West Coast",,"HEDA Ventures is a venture capital firm launched in 2016 in Silicon Valley. We focus on early-stage investments in three major sectors, biotech, healthcare and IT technology. Our goal is to find innovative companies, which potentially will have dramatic growth in the future, as our long-term strategic partners. Besides financial support,  we believe that we will be able to help those innovative firms with our resources and experiences. ",12,,,,,Active,Venture Capital,2016-10-01,month,,,,,,http://www.hedaventures.com,linxie@hedaventures.com,,,Venture Capital,"Early Stage Venture, Seed",5,6,,,,,,,,"12,908",-0.1,2.4,1,625,436.49,31.24%,0,-95.41%,1,-34.88%,100%,53.56%,"17,006,615","-1,743,157",-9.3%,5,,,,,,,,,,
Satwik Ventures,https://www.crunchbase.com/organization/satwik-ventures,"San Jose, California, United States",,,"San Francisco Bay Area, Silicon Valley, West Coast",,"Satwik Ventures was established in 2000 with a mission to assist and invest in pre-public high technology start-ups and as a feeder fund to larger VC funds in Silicon Valley. Satwik Ventures has invested in over 40 firms ranging from chip design, telecom, security, B2B software, medical, social networking companies etc. Many of these companies received additional capital from well-known VC Funds in Silicon Valley and other investors in subsequent or same rounds totaling over $1 Billion. Satwik Ventures investments have resulted in successful acquisitions and IPO's. Satwik Team key differentiators include a strong network of larger VC firms, entrepreneurs, proprietary deal flow, and a proven ability to bring experts from its network for due-diligence on the most complex technologies. The Satwik Ventures Advisory Team and previous investors included some the best known technologists in Silicon Valley. They have the experience and ability to solve complex problems that require developing diverse teams, joint ventures, and alliances to achieve high value common objectives.",,,,,,Active,Satwik Ventures is a financial services and investment firm focusing on assisting late stage growth companies.,,,,,,,,http://www.satwikventures.com/,info@satwikventures.com,408.392.8859,,Venture Capital,"Early Stage Venture, Late Stage Venture",3,6,,1,1,1,,,,"13,304",0.8,0.1,4.4,,,,,,,,,,,,,18,,,,,,,,24682,USD,24682
Manos Accelerator,https://www.crunchbase.com/organization/manos-accelerator,"San Jose, California, United States",,,"San Francisco Bay Area, Silicon Valley, West Coast",,"Manos Accelerator focuses on providing startups and entrepreneurs with advisory services, business resources, capital, and support to develop their business ideas. It is focuses on both the United States and Latin American startups in the high-tech industry. Manos Accelerator facilitates training programs and workshops to educate entrepreneurs about industries and offers guidance and media opportunities. Their training program is for three months.  Manos Accelerator takes 4% of the startups' equity stake. Manos Accelerator was founded by Sylvia Flores and Edward Avila in May 2013. And it is based in San Jose, California.",4,http://twitter.com/ManosAccel,,http://www.facebook.com/ManosAccelerator,,Active,Manos Accelerator is a targeting latino entrepreneurs.,2013-05-01,day,,,,,,http://manosaccelerator.com,edwarddward@manosaccelerator.com,,,Accelerator,,4,4,,,,,,,,"19,462",-0.1,0,0.2,"1,229","1,390.55",-30.25%,18,-37.49%,1.64,8.22%,77.48%,13.34%,"11,276,506","2,465,271",27.98%,29,,,,,,,,,,
Acuity Ventures,https://www.crunchbase.com/organization/acuity-ventures,"San Jose, California, United States",,,"San Francisco Bay Area, Silicon Valley, West Coast",,"Acuity Ventures is a Silicon Valley-based family of venture capital funds that provide investment capital and strategic guidance to early stage and emerging growth companies. The Fund currently investing is Acuity Ventures III LP, formed in 2004. Acuity provides capital through convertible preferred debt, direct equity investments and other investment participations.",1,,,,,Closed,Acuity Ventures is a Silicon Valley-based family of venture capital funds that provide investment capital and strategic guidance to early.,,,,,,none,,http://www.acuityventures.com,,(408) 210-8394,,Venture Capital,"Early Stage Venture, Late Stage Venture",3,3,,1,1,1,,,,"10,139",1.1,-0.1,4.1,,75.41,,,,,,,,,,,2,,,,,,,,,,
Maxim Ventures,https://www.crunchbase.com/organization/maxim-ventures,"San Jose, California, United States",,,"San Francisco Bay Area, Silicon Valley, West Coast",,,,,,,,Active,"Maxim Ventures invests across many industries, including healthcare, resource management, financial transactions, and factory productivity.",,,,,,,,http://www.maximventures.com,,408-601-1000,,Venture Capital,,3,3,,1,,,,,,"22,839",-0.3,1.4,2.4,457,355.58,35.37%,14,,2.03,102.8%,30.62%,-69.38%,"16,686,977","-4,874,227",-22.61%,8,,,,,,,,,,
3P Equity Partners,https://www.crunchbase.com/organization/3p-equity-partners,"San Jose, California, United States",,,"San Francisco Bay Area, Silicon Valley, West Coast",,"3P Equity Partners is a committed capital fund established in early 2012 with significant funding from several prominent family offices. Their investors engage us with the confidence of having partnered with 3P team members in a number of highly-successful ventures in prior years. With Their investors’ confidence today, They are empowered to make significant investment decisions much more quickly and efficiently than most in the market place.  Their competitive advantage is also derived from Their combined expertise in both the technical and operational sides of the enterprise.",1,,https://www.linkedin.com/company/3p-equity-partners,,,Active,3P Equity Partners is a committed capital fund established in early 2012 with significant funding from several prominent family offices.,,,,,,,,http://www.3pequity.com/,info@3pequity.com,(844) 274-0884,,Private Equity Firm,,2,3,,,,,,,,"27,927",0.4,1.3,0,210,118.12,59.39%,,,1,-61.96%,100%,68.54%,"26,298,314","-454,768",-1.7%,15,,,,,,,,,,
Parakletos Ventures,https://www.crunchbase.com/organization/parakletos-ventures,"San Jose, California, United States",,,"San Francisco Bay Area, Silicon Valley, West Coast",,,1,,,,,Active,"Parakletos Ventures invests in technology-driven companies across the world, including China, Korea, India, and the United States.",,,,,,,,http://www.parakletos.com,,,,Venture Capital,"Early Stage Venture, Late Stage Venture",1,3,,1,,,,,,"28,762",0,3,5.1,,,,,,,,,,,,,6,,,,,,,,,,
CEC Capital Management LLC,https://www.crunchbase.com/organization/cec-capital-management-llc,"San Jose, California, United States",,,"San Francisco Bay Area, Silicon Valley, West Coast",,"CEC Capital Management LLC is the first venture capital management firm from China and has more than a decade of presence in Silicon Valley. Now backed by CEC (China Electronics Corporation), a leading IT conglomerate in China, CEC Capital expands its focus from semiconductors to TMT and carries on the mission to bridge Silicon Valley to China's IT industry.",,,,,,Active,CEC Capital Management is a venture capital arm of China Electronics Corporation.,,,,,,,,,,,,Venture Capital,Venture,3,3,,,1,1,,,,"35,336",-0.2,-0.2,-0.3,,,,,,,,,,,,,,,,,,,,,,,
Knight Ridder Ventures,https://www.crunchbase.com/organization/knight-ridder-ventures,"San Jose, California, United States",,,"San Francisco Bay Area, Silicon Valley, West Coast",,,,,,,,Closed,A venture arm of Knight-Ridder seeks to invest in new media companies.,1997-01-01,year,,,,none,,,,,,Venture Capital,Venture,3,3,,2,3,3,,,,"64,885",-0.4,-1.2,3.2,,,,,,,,,,,,,,,,,,,,,,,
Trans Pacific Partners,https://www.crunchbase.com/organization/trans-pacific-partners,"San Jose, California, United States",,,"San Francisco Bay Area, Silicon Valley, West Coast",,,7,,,,,Active,Trans Pacific Partners provides financial services.,,,,,,,,,,,,Venture Capital,"Early Stage Venture, Late Stage Venture",1,3,,1,1,1,,,,"75,655",0.1,0.7,1.8,,,,,,,,,,,,,,,,,,,,,,,
Hackers/Founders,https://www.crunchbase.com/organization/hackersfounders,"San Jose, California, United States",,,"San Francisco Bay Area, Silicon Valley, West Coast",,"The world’s largest network of entrepreneurs with over 300,000 members in 50 countries and 143 cities.  Home of geeks, biz devs, designers and others, building startups and companies around the Bay area. (Also, the world: https://hf.cx/chapters) Not only do we host great events, H/F is in the business of solving problems for founders, as we are founders ourselves: - Peruse our website for the big picture: https://hf.cx - Check out the Co-op, H/F’s founders’ cooperative. It’s not an accelerator, but a community of founders, mentors and educators working for the success of all: https://hf.cx/coop - Finally, there’s the HACK Fund, our own venture fund on the blockchain, because we’re all done dealing with fundraising stuff, both for founders and investors: https://hack.hf.cx - Finally, please join our Telegram chat group as it is the easiest way to communicate with us: https://t.me/hackersfounders Welcome aboard and we look forward to meeting you.",37,http://twitter.com/HackFoundSV,https://www.linkedin.com/company/hackers-founders/,http://www.facebook.com/hackersandfounders,,Active,"The world’s largest network of entrepreneurs with over 300,000 members in 50 countries and 143 cities.",2008-04-01,month,,,,,,https://www.hf.cx/,contact@hf.cx,,,"Co-Working Space, Secondary Purchaser, Syndicate, Venture Capital","Debt, Late Stage Venture, Secondary Market",2,2,,1,1,1,,,,"2,755",-0.1,-0.1,-2.6,"3,819","7,831.96",-71.74%,78,-38.99%,1.55,-21.95%,50.07%,2.5%,"5,593,494","3,421,546",157.53%,30,,,25,,,,,,,
"Cybernaut Zfounder Ventures, LLC",https://www.crunchbase.com/organization/cybernaut-zfounder-ventures-llc,"San Jose, California, United States",,,"San Francisco Bay Area, Silicon Valley, West Coast",,"We are a Los Angeles fund focusing primarily on areas of New Media, SaaS, Health Care, Fin-tech and Advanced Materials. We invest in companies that are technology led and industry disrupters at early stage. The areas we focus on include advanced materials, SaaS, Health care, and digital media. We believe next-generation innovation in these areas will bring significant impact in the cross-boarder market.",,,https://www.linkedin.com/company/cybernautzfoundersventure/,,,Active,Los Angeles based fund backed by Cybernaut Investment Group (China).,2016-05-01,month,,,,,For Profit,http://czvcapital.com,info@czvcapital.com,,,Venture Capital,"Early Stage Venture, Late Stage Venture, Seed, Venture",2,2,,,,,,,,"21,498",0.1,-0.1,-0.8,,787.06,-100%,,,,,,,,,,11,,,,,,,,,,
VentureHealth,https://www.crunchbase.com/organization/venturehealth,"San Jose, California, United States",,,"San Francisco Bay Area, Silicon Valley, West Coast",,VentureHealth is an investment portal for accredited investors who want access to high growth opportunities in the $2.5 trillion healthcare sector. Our mission is to dramatically transform clinical outcomes by capitalizing breakthrough innovations.,8,http://twitter.com/venture_health,http://www.linkedin.com/company/venturehealth,,,Active,VentureHealth is an investment portal for accredited investors who want access to high growth opportunities in the healthcare sector.,2012-01-01,year,,,,,,http://www.venturehealth.com,info@venturehealth.com,(408) 457-3700,,"Micro VC, Venture Capital",,2,2,,,,,,,,"29,602",-0.2,0.2,0,254,107.56,64.52%,,,1,-66.67%,100%,100%,"24,591,578","886,010",3.74%,32,,,,,,,,,,
SVS Ventures,https://www.crunchbase.com/organization/svs-vc,"San Jose, California, United States",,,"San Francisco Bay Area, Silicon Valley, West Coast",,,,,https://www.linkedin.com/company/svs-ventures,,,Active,SVS Ventures is a private equity firm.,2015-01-01,year,,,,,,http://www.svsventures.net/,contact@svsventures.net,,,Private Equity Firm,"Late Stage Venture, Private Equity",2,2,,,,,,,,"35,601",-0.4,-0.1,0.5,,,,,,,,,,,,,9,,,,,,,,,,
Farallon Research,https://www.crunchbase.com/organization/farallon-research,"San Jose, California, United States",,,"San Francisco Bay Area, Silicon Valley, West Coast",,"Farallon works with entrepreneurs and investors building early- and mid-stage companies, to accelerate the development of innovative private sector information technologies, and to effectively connect those technologies to federal Cybersecurity challenges and opportunities. Farallon areas of investment include trusted IP transport, virtualization security and policy, identity and mobility convergence, data and behavioral analytics, and large data set visualization.",,,,,,Active,Farallon Research provides short term project funding and long-term advisory support to early-and mid-stage IT startups.,2010-01-01,year,,,,,,http://www.farallon-research.com/index.html,,,,Venture Capital,,1,2,,,,,,,,"86,040",-0.3,-0.5,-0.2,,,,,,,,,,,,,11,,,,,,,,38579,USD,38579
Kika Tech,https://www.crunchbase.com/organization/kika-tech,"San Jose, California, United States",,,"San Francisco Bay Area, Silicon Valley, West Coast",,"Kika revolutionizes communications with AI technology. In a two-year span, Kika’s ecosystem achieved a user base of 400M installations, 60M MAU, an engagement rate of 120 times per user per day. The company provides users the ability to communicate authentically by predicting intents and context to enhance expressive communication, thus preserving the genuine nature of human conversations.",4,https://twitter.com/kikakeyboard,https://www.linkedin.com/company/10170683/,https://www.facebook.com/KikaKeyboard/,$1M to $10M,Active,Kika revolutionizes communications with AI technology.,2016-01-01,year,,,,,For Profit,http://www.kikatech.com/,partnerships@kikatech.com,,,Venture Capital,Early Stage Venture,1,1,,1,,,,,,"1,865",-0.1,-0.3,-0.6,"144,516","179,618.49",-45.51%,67,114.97%,1.22,6.86%,84.25%,-3.39%,"535,219","208,141",63.64%,24,32,,4,,,,,,,
TDK Ventures,https://www.crunchbase.com/organization/tdk-ventures,"San Jose, California, United States",,,"San Francisco Bay Area, Silicon Valley, West Coast",,"TDK Ventures is a technology-focused venture fund based in San Jose, California. We invest globally in Seed to B-round startups that leverages fundamental material science to unlock an attractive and sustainable future for the world. We believe in a sustainable world where digital and energy transformation will improve billions of lives for the better. Our mission is to help accelerate learnings and contributions to society, investing in start-ups with similar idealism. We aim to finds meaningful opportunities in early stage technology, especially in Health & Wellness, next Generation Transportation, Robotics & Industrial, Mixed Reality, and the wider IoT market segments. Dielectrics, magnetics, MEMS, neuro-electricals, organic materials, piezoelectrics, semiconductors, and many other types of materials, TDK Ventures is looking for the hardest problems where we have a proven track-record of solving since 1935 and are passionate to continue solving these challenges together with our global innovation partners.",4,https://twitter.com/TDKVentures,https://www.linkedin.com/company/tdk-ventures-inc/,,,Active,"TDK Ventures is an early-stage technology-focused venture fund based in San Jose, California, investing globally.",2019-05-01,month,,,,,,http://www.tdk-ventures.com/,,,,Corporate Venture Capital,"Early Stage Venture, Seed",1,1,,,,,,,,"3,384",-0.4,5.8,9.6,658,109.71,,120,,3.61,,5.07%,,"12,175,863",,,19,,,,,,,,,,
Tandon Group,https://www.crunchbase.com/organization/tandon-group,"San Jose, California, United States",,,"San Francisco Bay Area, Silicon Valley, West Coast",,,4,https://www.twitter.com/tandongroup,https://www.linkedin.com/company/tandon-group,,,Active,Tandon Group is a technology catalyst operating successful businesses and incubating the next generation of innovators.,1975-01-01,year,,,,,,http://www.tandongroup.com,info@tandongroup.com,408.404.0500,,Incubator,,1,1,,,,,,,,"17,284",0.3,0.5,1.3,"2,459","1,181.19",230.31%,62,,1.6,60%,29.5%,-52.54%,"8,147,151","-8,450,996",-50.92%,21,,,16,,,,,,,
San Jose State University,https://www.crunchbase.com/organization/san-jose-state-university-3,"San Jose, California, United States",,,"San Francisco Bay Area, Silicon Valley, West Coast",,"Located halfway between San Francisco and the idyllic coastal town of Monterey is San Jose State University.  Part of the California state university system, San Jose State University has a unique combination of standard academic programs and those found rarely, if at all, at any other California state university.  A high-ranking master’s in Occupational Therapy, a degree in Zoology and an online graduate degree in library science are some of San Jose State’s unique offerings.  However, with over 60 bachelor’s and 60 master’s degrees available in more than 130 areas of study, there are certainly other career and academic paths from which to choose. Business, Journalism, Nursing, Engineering, Music and Social Work are just some examples of other offerings.  A full-fledged university with tens of thousands of students, SJSU also has a lively campus life and a range of student support services including personal, academic and career counseling.  The town of San Jose is quite lively as well. A medium-sized city, San Jose offers much in terms of professional theatre, sports and other cultural arts activities.  Types of financial aid available at SJSU to eligible students include grants, loans and federal work-study programs.",268,http://twitter.com/sjsu,http://www.linkedin.com/company/san-jose-state-university,http://www.facebook.com/45408742662,,Active,"San José State is conveniently located on 154 acres in downtown San José, midway between San Francisco and the Monterey/Carmel area at the",1857-01-01,year,,,,,,http://www.sjsu.edu/,reply@sjsu.edu,408-924-1000,,University Program,,1,1,,,,,,,,"17,873",-0.2,0.2,0,"2,371,188","3,256,202.23",-2.57%,316,7.6%,4.7,4.89%,48.54%,-1.86%,"24,322",973,4.17%,149,5,"1,653",56,,,,,,,
LG Innovation Ventures,https://www.crunchbase.com/organization/lg-innovation-ventures,"San Jose, California, United States",,,"San Francisco Bay Area, Silicon Valley, West Coast",,,,,,,,Active,LG Innovation Ventures is a company that specializes in electronic gadgets.,,,,,,,,http://www.lgcorp.com,,,,Venture Capital,,1,1,,,1,1,,,,"23,310",0.2,1.1,-0.5,"122,771","50,736.64",318.69%,31,-43.81%,2.05,7.82%,48.91%,-13.1%,"490,253","-860,683",-63.71%,11,,,4,,,,,,,
Impulsa Business Accelerator,https://www.crunchbase.com/organization/impulsa-business-accelerator,"San Jose, California, United States",,,"San Francisco Bay Area, Silicon Valley, West Coast",,Impulsa Business Accelerator enables its clients to achieve accelerated and sustainable growth. Impulsa has accelerated more than 400 companies and increased their revenues by 30 percent.,1,http://twitter.com/impulsausa,http://www.linkedin.com/company/impulsa-business-accelerator,http://www.facebook.com/impulsaxl,,Active,Impulsa Business Accelerator is company that helps small and medium-sized businesses grow their operations.,,,,,,,,http://www.impulsausa.com,info@impulsaxl.com,,,Accelerator,,1,1,,,,,,,,"33,651",2.6,1.8,0.3,,,,,,,,,,,,,5,,,,,,,,,,
Cisco Entrepreneurs in Residence,https://www.crunchbase.com/organization/cisco-accelerator-for-entrepreneurs,"San Jose, California, United States",,,"San Francisco Bay Area, Silicon Valley, West Coast",,"Cisco Entrepreneurs in Residence (Cisco EIR) is designed to support early-stage entrepreneurs working on the next big ideas in the Internet of Things/Everything (IoT/IoE), enterprise security, cloud computing, Big Data/analytics, Smart Cities and other areas strategic to Cisco. We want entrepreneurs who will bring amazing product ideas, a top-notch technical team, a solid business plan and passion to build something that will transform our industry.",6,http://twitter.com/CiscoEIR,https://www.linkedin.com/in/tomyoritaka,http://www.facebook.com/ciscoeir,,Active,"Cisco EIR supports early-stage entrepreneurs working on the next big ideas in the IoT/IoE, Big Data/analytics, Smart Cities.",2013-08-01,day,,,,,,http://eir.cisco.com,eir-program@cisco.com,,,Incubator,,1,1,,,,,,,,"35,007",-0.4,-0.3,-0.6,,,,,,,,,,,,,,,,,,,,,,,
DeltaG Ventures,https://www.crunchbase.com/organization/deltag-ventures,"San Jose, California, United States",,,"San Francisco Bay Area, Silicon Valley, West Coast",,,,,,,,Active,DeltaG Ventures,,,,,,,,http://deltagventure.com/,info@deltagventure.com,,,Venture Capital,Venture,1,1,,,,,,,,"44,846",0.7,3.4,4.9,,,,,,,,,,,,,2,,,,,,,,,,
Tseung Kwan Ventures,https://www.crunchbase.com/organization/tseung-kwan-ventures,"San Jose, California, United States",,,"San Francisco Bay Area, Silicon Valley, West Coast",,,,,,,,Active,Tseung Kwan Ventures,,,,,,,,,,,,Venture Capital,Venture,1,1,,,,,,,,"87,713",-0.3,-0.1,-0.2,,,,,,,,,,,,,,,,,,,,,,,
Appcelerator Innovation Fund,https://www.crunchbase.com/organization/appcelerator-innovation-fund,"San Jose, California, United States",,,"San Francisco Bay Area, Silicon Valley, West Coast",,,,,,,,Active,Appcelerator Innovation Fund is a company that specializes in mobile app development services.,,,,,,,,,,,,Venture Capital,,1,1,,,,,,,,"109,074",-0.1,-0.3,-0.1,,,,,,,,,,,,,,,,,,,,,,,
